Street,Street_var
Grvl,3210233828.9166675
Pave,6397491032.767142
