MiscVal,MiscVal_mean
0,187715.14051522248
54,55993.0
400,143714.2857142857
450,127500.0
480,120000.0
500,149466.66666666666
560,81000.0
600,104750.0
620,88000.0
800,110000.0
1150,256000.0
1200,139000.0
1300,160000.0
1400,163000.0
2000,122900.0
2500,266500.0
