MiscVal,MiscVal_var
0,6452778362.763351
54,
400,1715821428.5714285
450,
480,
500,665903333.3333334
560,
600,1275125000.0
620,
800,
1150,
1200,
1300,
1400,
2000,
2500,
