GarageCars,GarageCars_mean
1,128503.87603305785
2,182776.13147410357
3,307493.64122137404
4,176433.33333333334
