GarageCars,GarageCars_var
1,904606486.4244025
2,2739573862.2740984
3,9886388633.077976
4,2151263333.333334
