LandContour,LandContour_mean
Bnk,141284.40625
HLS,239108.0
Low,223281.81818181818
Lvl,185462.73408239702
