LandContour,LandContour_var
Bnk,1702651163.7973785
HLS,9491810614.363638
Low,11925733636.363636
Lvl,6198187269.445452
