BsmtQual,BsmtQual_mean
Ex,323425.28571428574
Fa,117256.84
Gd,205732.03937007874
TA,138885.81102362205
