BsmtQual,BsmtQual_var
Ex,11251141849.295238
Fa,1109340798.8066664
Gd,3255190013.011607
TA,1347927099.3115633
