HouseStyle,HouseStyle_mean
1.5Fin,143078.8735632184
1.5Unf,108842.85714285714
1Story,184092.50343249427
2.5Fin,201500.0
2.5Unf,154266.66666666666
2Story,213341.54480286737
SFoyer,138595.04761904763
SLvl,159390.0
