HouseStyle,HouseStyle_var
1.5Fin,2429212750.483826
1.5Unf,546539523.8095238
1Story,5797352117.090013
2.5Fin,7870750000.0
2.5Unf,4582827500.0
2Story,8140910176.889174
SFoyer,511043376.74761915
SLvl,1756456147.0588238
