FullBath,FullBath_mean
0,210374.25
1,137007.27937336813
2,219599.1268498943
3,359825.05555555556
