FullBath,FullBath_var
0,14764675799.583334
1,1745522976.4165087
2,5196662792.780486
3,26810636497.820263
