OverallQual,OverallQual_mean
3,94845.83333333333
4,110429.87755102041
5,132432.0
6,159022.63942307694
7,204385.34403669724
8,276597.30188679247
9,357123.91891891893
10,409506.5
