OverallQual,OverallQual_var
3,553949604.1666667
4,422951902.5263607
5,700938429.7740585
6,1150384059.758245
7,2068642686.0976825
8,3604650259.1270432
9,4097320028.6876874
10,24559578586.884617
