GarageType,GarageType_mean
2Types,163175.0
Attchd,206394.6709323583
Basment,141103.58333333334
BuiltIn,269425.625
CarPort,108986.33333333333
Detchd,133179.1893939394
