GarageType,GarageType_var
2Types,372855833.3333333
Attchd,6096433706.180898
Basment,2015261254.0833337
BuiltIn,12469465486.239365
CarPort,1000560.333333337
Detchd,1288913923.2263513
