BsmtFinType1,BsmtFinType1_mean
ALQ,159561.21323529413
BLQ,145553.48837209304
GLQ,245039.69731800767
LwQ,154084.0909090909
Rec,140310.02469135803
Unf,175349.72222222222
