BsmtFinType1,BsmtFinType1_var
ALQ,2013551026.1097488
BLQ,1364782222.9822166
GLQ,8236517404.234954
LwQ,2773934508.4566593
Rec,996510871.9243824
Unf,5579297918.61772
