HeatingQC,HeatingQC_mean
Ex,218682.6844262295
Fa,127378.26086956522
Gd,160373.45255474452
Po,87000.0
TA,139552.44541484717
