HeatingQC,HeatingQC_var
Ex,7347810786.064484
Fa,1421981778.6561267
Gd,2899211349.484866
Po,
TA,1847136832.3270526
