PavedDrive,PavedDrive_mean
N,124077.57575757576
P,126694.44444444444
Y,190190.40266021766
