PavedDrive,PavedDrive_var
N,1502833388.0018938
P,935568496.7320261
Y,6478036614.853413
