BldgType,BldgType_mean
1Fam,190353.8509485095
2fmCon,123456.25
Duplex,144862.94736842104
Twnhs,143631.25
TwnhsE,189828.56164383562
