BldgType,BldgType_var
1Fam,6912694437.011682
2fmCon,582955958.3333333
Duplex,678297353.6081868
Twnhs,1551720282.2580643
TwnhsE,4003643708.7496204
