BsmtCond,BsmtCond_mean
Fa,114875.0
Gd,209997.32432432432
Po,67000.0
TA,187406.3227383863
