BsmtCond,BsmtCond_var
Fa,1091115654.7619047
Gd,5398982335.003002
Po,
TA,6430309696.60563
