LotConfig,LotConfig_mean
Corner,185325.79054054053
CulDSac,258872.5294117647
FR2,200382.14285714287
FR3,208475.0
Inside,182400.4694485842
