LotConfig,LotConfig_var
Corner,7537076851.472836
CulDSac,11084063834.499107
FR2,5594726438.828569
FR3,6143302500.0
Inside,5700732293.771826
