LowQualFinSF,LowQualFinSF_mean
0,187188.88106235565
80,147517.33333333334
120,124900.0
144,135000.0
156,79500.0
232,133000.0
360,108750.0
384,191000.0
473,115000.0
481,118500.0
