LowQualFinSF,LowQualFinSF_var
0,6440947385.762713
80,11734101.333333334
120,
144,
156,
232,
360,66125000.0
384,
473,
481,
