GarageCond,GarageCond_var
Ex,24500000.0
Fa,900583994.5733331
Gd,817540000.0
Po,632050000.0
TA,6436003673.717559
