SaleType,SaleType_mean
COD,133093.10344827586
CWD,171166.66666666666
Con,324000.0
ConLD,148225.6
ConLI,280975.0
ConLw,164625.0
New,273952.3956043956
WD,177757.84253028265
