SaleType,SaleType_var
COD,1573970665.024631
CWD,1873083333.3333337
Con,
ConLD,3204258476.8
ConLI,58464901250.0
ConLw,3118562500.0
New,9097730940.619534
WD,5107372118.318838
