MoSold,MoSold_mean
1,191631.29032258064
2,178150.41176470587
3,187838.8245614035
4,187173.35294117648
5,170287.29914529916
6,181295.2123287671
7,191980.8662420382
8,187624.76315789475
9,198079.20512820513
10,191320.55
11,201776.7111111111
12,192607.2258064516
