MoSold,MoSold_var
1,11813325919.946232
2,3323608380.7344027
3,6114724598.147244
4,7463068110.207286
5,4271587644.3838773
6,4786846986.5683975
7,8568959770.00123
8,5830402789.329826
9,5362623835.009446
10,6691656438.183899
11,9134597888.164646
12,5346929079.713979
