Exterior2nd,Exterior2nd_mean
AsbShng,135700.0
AsphShn,157000.0
Brk Cmn,134166.66666666666
BrkFace,213223.07692307694
CmentBd,257728.94594594595
HdBoard,163115.55555555556
ImStucc,301742.85714285716
MetalSd,145691.34722222222
Other,319000.0
Plywood,166851.5
Stone,203500.0
Stucco,148008.64285714287
VinylSd,220600.2815249267
Wd Sdng,148311.7289719626
Wd Shng,163625.0
