Exterior2nd,Exterior2nd_var
AsbShng,1494177777.7777777
AsphShn,648000000.0
Brk Cmn,1330066666.6666665
BrkFace,6758413589.743588
CmentBd,12520329108.941439
HdBoard,4191070479.127726
ImStucc,45374396190.47619
MetalSd,2645052511.948525
Other,
Plywood,1717534982.6349206
Stone,1404500000.0
Stucco,2861947330.401099
VinylSd,6210689812.291099
Wd Sdng,3155025780.4069843
Wd Shng,5438413273.809524
