ExterCond,ExterCond_mean
Ex,243000.0
Fa,119538.46153846153
Gd,164773.82352941178
TA,189738.75064267352
