ExterCond,ExterCond_var
Ex,13448000000.0
Fa,1519269230.7692306
Gd,4707998659.3137245
TA,6536647274.354727
