OverallCond,OverallCond_mean
2,230716.0
3,83637.5
4,126871.0
5,211338.3820662768
6,149152.90131578947
7,156110.5
8,158598.5294117647
9,199272.72727272726
