OverallCond,OverallCond_var
2,53605857312.0
3,323694107.1428571
4,1242243753.2857144
5,7663092567.86937
6,1827251964.1954944
7,2441108158.6486483
8,2915919260.294119
9,4714768181.818182
