Exterior1st,Exterior1st_mean
AsbShng,125900.0
BrkComm,60000.0
BrkFace,201076.92307692306
CemntBd,254374.19444444444
HdBoard,160445.2100840336
ImStucc,262000.0
MetalSd,145867.5104895105
Plywood,173496.0
Stone,230000.0
Stucco,160018.06666666668
VinylSd,220277.8620689655
Wd Sdng,152019.4144144144
WdShing,170912.5
