Exterior1st,Exterior1st_var
AsbShng,509822222.22222245
BrkComm,
BrkFace,5594312246.153847
CemntBd,12449744101.418253
HdBoard,3638430730.2521024
ImStucc,
MetalSd,2658904700.3079867
Plywood,2439743928.68
Stone,
Stucco,5492109638.923808
VinylSd,6204324332.148071
Wd Sdng,6098387350.953973
WdShing,7252034833.333334
