SaleCondition,SaleCondition_mean
Abnorml,150503.52727272728
AdjLand,126000.0
Alloca,122812.0
Family,153000.0
Normal,179201.3704225352
Partial,270455.27659574465
