SaleCondition,SaleCondition_var
Abnorml,9257616844.290909
AdjLand,
Alloca,3417582105.0
Family,2381625000.0
Normal,4802790806.828741
Partial,9264171045.643103
