RoofMatl,RoofMatl_mean
ClyTile,160000.0
CompShg,185957.39976958526
Membran,241500.0
Tar&Grv,158333.33333333334
WdShake,216000.0
WdShngl,314333.3333333333
