RoofMatl,RoofMatl_var
ClyTile,
CompShg,6404563870.846928
Membran,
Tar&Grv,177333333.33333343
WdShake,1352000000.0
WdShngl,3746333333.333333
