ExterQual,ExterQual_mean
Ex,365451.45945945947
Fa,92398.6
Gd,234021.37931034484
TA,145118.0
