ExterQual,ExterQual_var
Ex,7249397476.255257
Fa,660427409.8
Gd,5389921061.588377
TA,1563140559.6511629
