LandSlope,LandSlope_mean
Gtl,185992.28605200947
Mod,196669.22222222222
Sev,200596.0
