LandSlope,LandSlope_var
Gtl,6356756315.132279
Mod,7516365078.794875
Sev,12048846080.0
