Heating,Heating_mean
GasA,186683.8041714948
GasW,187366.66666666666
Grav,88250.0
OthW,129500.0
