Heating,Heating_var
GasA,6417511615.642576
GasW,5859931515.151515
Grav,136125000.0
OthW,
