BedroomAbvGr,BedroomAbvGr_mean
0,259986.33333333334
1,223703.84210526315
2,162825.1628959276
3,185489.47928994082
4,230003.1652173913
5,164700.0
6,171300.0
