BedroomAbvGr,BedroomAbvGr_var
0,19557191560.333332
1,11513749772.02924
2,5279372650.246075
3,4558742501.356782
4,12988752225.033869
5,3195396000.0
6,1647380000.0
