BsmtExposure,BsmtExposure_mean
Av,220048.45890410958
Gd,263766.25974025973
Mn,181612.74242424243
No,168487.27504244482
