BsmtExposure,BsmtExposure_var
Av,8711847348.884506
Gd,13012332080.036907
Mn,5115098521.7326355
No,3771677196.7269444
