BsmtHalfBath,BsmtHalfBath_mean
0,187859.38647342994
1,161647.95918367346
2,194201.0
