BsmtHalfBath,BsmtHalfBath_var
0,6618492131.80209
1,2369535829.081634
2,
