CentralAir,CentralAir_mean
N,114761.04444444444
Y,190274.04081632654
