CentralAir,CentralAir_var
N,1328143297.179798
Y,6390852326.618526
