Functional,Functional_mean
Maj1,146461.11111111112
Maj2,97333.33333333333
Min1,142053.125
Min2,150802.63157894736
Mod,181071.42857142858
Typ,188891.71480582524
