Functional,Functional_var
Maj1,729507361.111111
Maj2,696333333.3333334
Min1,1101174489.5833333
Min2,2256199576.0233912
Mod,4208369047.619047
Typ,6598366322.952592
