Foundation,Foundation_mean
BrkTil,136776.7340425532
CBlock,148185.7507082153
PConc,229498.03755868544
Stone,145955.2
