Foundation,Foundation_var
BrkTil,2280046311.315603
CBlock,2081364340.4547236
PConc,7315582050.087997
Stone,4712951035.2
