Condition1,Condition1_mean
Artery,130696.66666666667
Feedr,150327.17647058822
Norm,190110.89664082686
PosA,238333.33333333334
PosN,230250.0
RRAe,140000.0
RRAn,172785.0
RRNe,187000.0
RRNn,212000.0
