Condition1,Condition1_var
Artery,2162989988.5057473
Feedr,1512115337.0588233
Norm,6647773152.900041
PosA,7008333333.333334
PosN,6682354166.666665
RRAe,745500000.0
RRAn,4781929163.888889
RRNe,
RRNn,11736000000.0
