MSSubClass,MSSubClass_mean
20,190841.7104477612
30,103988.775
40,106250.0
45,107316.66666666667
50,143932.07228915664
60,247811.8232044199
70,163746.65
75,171777.77777777778
80,164071.66666666666
85,139069.23076923078
90,144862.94736842104
120,213700.0
160,140235.10416666666
180,122000.0
190,125486.66666666667
