MSSubClass,MSSubClass_var
20,5919823836.409917
30,547687492.3326925
40,1431125000.0
45,636281666.6666667
50,2462261960.92154
60,8274821790.090789
70,2170495896.438461
75,6691506944.444444
80,1825825117.8160927
85,143662307.69230768
90,678297353.6081868
120,3528876042.9019613
160,1068277898.7761524
180,946500000.0
190,553922666.6666666
