RoofStyle,RoofStyle_mean
Flat,183833.33333333334
Gable,175533.21994134897
Gambrel,161357.14285714287
Hip,228070.6978021978
Mansard,189750.0
