RoofStyle,RoofStyle_var
Flat,2638083333.333334
Gable,4154229829.8105855
Gambrel,3829679523.8095245
Hip,13018755540.620874
Mansard,1457583333.3333333
