GarageQual,GarageQual_mean
Ex,124000.0
Fa,123074.88571428572
Gd,199758.0
Po,100166.66666666667
TA,189382.6352657005
