GarageQual,GarageQual_var
Ex,24500000.0
Fa,1789311052.9277315
Gd,6088621084.444445
Po,1235083333.3333333
TA,6434519770.868017
