BsmtFullBath,BsmtFullBath_mean
0,169007.4571984436
1,210460.82816901407
2,231010.66666666666
