BsmtFullBath,BsmtFullBath_var
0,4107711084.5527453
1,8602903334.238758
2,10934735778.250002
