MasVnrType,MasVnrType_mean
BrkCmn,125178.5
BrkFace,207663.49049429657
None,160849.90802348335
Stone,266343.3775510204
