MasVnrType,MasVnrType_var
BrkCmn,869515733.5
BrkFace,6599908689.372999
None,3706008740.938583
Stone,9218456583.000319
