GarageFinish,GarageFinish_mean
Fin,248091.91363636364
RFn,204626.9598540146
Unf,138058.6328125
