GarageFinish,GarageFinish_var
Fin,9599122000.97425
RFn,4145745786.463583
Unf,1460546227.3609045
