KitchenAbvGr,KitchenAbvGr_mean
1,188023.44352941177
2,138392.44444444444
3,106000.0
