ScreenPorch,ScreenPorch_var
0,6193348859.835497
53,
60,
80,
90,1512500000.0
99,
100,315005000.0
116,
120,10018249999.999998
126,200000000.0
130,
142,
144,84500000.0
145,
147,
152,
153,
155,
156,
160,2000000.0
161,
163,
165,
168,33403370450.0
170,39228005000.0
175,
176,
178,
180,4697666666.666667
189,688205000.0
192,48288040538.916664
198,235298.0
200,6903125000.0
216,
224,3847123812.0
252,
259,43477812.5
260,
263,
265,
271,
276,
287,
288,78125000.0
291,
312,
374,
385,
480,
