MSZoning,MSZoning_mean
C (all),91678.16666666667
FV,214840.51111111112
RH,129071.42857142857
RL,197466.29558823528
RM,130457.5
