MSZoning,MSZoning_var
C (all),820314952.9666666
FV,3145990371.8919187
RH,1128155714.2857144
RL,6700182253.4014635
RM,2055438587.1007195
