HalfBath,HalfBath_mean
0,170196.62661737524
1,213498.48787878788
2,161663.85714285713
