HalfBath,HalfBath_var
0,4786603100.764031
1,8022440391.423866
2,1046071867.8095236
