YrSold,YrSold_mean
2006,186641.0621761658
2007,186396.8144329897
2008,184651.63020833334
2009,189894.0918367347
2010,182596.70873786407
