YrSold,YrSold_var
2006,6082371663.912778
2007,7205376403.789221
2008,5057957833.22903
2009,7779019184.247931
2010,5619244604.130019
