Electrical,Electrical_mean
FuseA,121254.5306122449
FuseF,120264.38461538461
FuseP,105000.0
Mix,67000.0
SBrkr,191735.0725707257
