Electrical,Electrical_var
FuseA,1122838420.5042517
FuseF,621374381.5897437
FuseP,2048000000.0
Mix,
SBrkr,6453463664.5747795
