Fireplaces,Fireplaces_mean
0,147220.8939759036
1,218087.74441687344
2,242973.05357142858
3,267500.0
