Fireplaces,Fireplaces_var
0,1838597506.5587804
1,6947707343.1608925
2,14321306338.597076
3,10008333333.333334
