LotShape,LotShape_mean
IR1,220825.9632653061
IR2,243417.57894736843
IR3,226800.0
Reg,170445.36617405582
