LotShape,LotShape_var
IR1,7158389507.133884
IR2,10539343946.923975
IR3,13183200000.000002
Reg,5122821531.031809
