KitchenQual,KitchenQual_mean
Ex,325830.61842105264
Fa,118185.72222222222
Gd,213062.50135501355
TA,140125.27710843374
