KitchenQual,KitchenQual_var
Ex,10459583121.065786
Fa,856000569.3888886
Gd,4326057330.234373
TA,1245946545.9495964
