BsmtFinType2,BsmtFinType2_mean
ALQ,216736.36363636365
BLQ,139846.95454545456
GLQ,204250.0
LwQ,155022.22222222222
Rec,169474.07407407407
Unf,188709.79487179487
