BsmtFinType2,BsmtFinType2_var
ALQ,16375958545.454544
BLQ,1599774089.7597404
GLQ,2490112500.0
LwQ,1264051025.6410253
Rec,5347041225.071224
Unf,6579133751.901398
